cell_type_1,cell_type_2,effect_size,p_value,mean_I_infected,mean_I_uninfected,delta_I,p_adj_fdr,significant
Bcell_B1,Bcell_memory,0.5597839984630029,0.0,0.5597839984630029,0.4144411124073567,0.14534288605564616,0.0,True
Fibroblast_stromal,Myeloid_marginalzone,0.5544570228725874,0.0,0.5544570228725874,0.3949179347558992,0.15953908811668815,0.0,True
Myeloid_Macrophage-CXCL9/10,Myeloid_marginalzone,0.5030812216274096,0.0,0.5030812216274096,0.1065906247088315,0.39649059691857813,0.0,True
CD4-Tcell_FH,CD8-Tcell_terminal,0.48515694915759977,0.0,0.48515694915759977,0.4948777095315493,-0.009720760373949533,0.0,True
Erythrocyte,Erythrocyte_precursor,0.47397695765688963,0.0,0.47397695765688963,0.5732321044765071,-0.09925514681961745,0.0,True
Fibroblast_stromal,Myeloid_Macrophage-CXCL9/10,0.469554266178002,0.0,0.469554266178002,0.21973635270714553,0.24981791347085647,0.0,True
Myeloid_cDC1,Myeloid_marginalzone,0.46121361377036996,0.0,0.46121361377036996,0.33572863121089686,0.1254849825594731,0.0,True
CD4-Tcell_FH,CD8-Tcell_naive,0.4559433571843621,0.0,0.4559433571843621,0.51455628539035,-0.05861292820598796,0.0,True
Erythrocyte_precursor,Hematopoeitic_stem_cell,0.4477688948914861,0.0,0.4477688948914861,0.5920553336113231,-0.14428643871983704,0.0,True
CD4-Tcell_cytotoxic,CD8-Tcell_effector,0.4405775712104997,0.0,0.4405775712104997,0.36190131887719457,0.07867625233330511,0.0,True
CD8-Tcell_effector,Myeloid_marginalzone,0.4384338457140424,0.0,0.4384338457140424,0.323289708576622,0.11514413713742044,0.0,True
Hematopoeitic_stem_cell,Myeloid_Macrophage-CXCL9/10,0.4339963199346647,0.0,0.4339963199346647,0.008295528685170316,0.4257007912494944,0.0,True
Erythrocyte_precursor,Myeloid_marginalzone,0.4275299521774416,0.0,0.4275299521774416,0.5356924979755843,-0.10816254579814266,0.0,True
Erythrocyte,Hematopoeitic_stem_cell,0.42075185377543134,0.0,0.42075185377543134,0.5411644731403504,-0.1204126193649191,0.0,True
CD8-Tcell_effector,NK,0.41826421794195945,0.0,0.41826421794195945,0.33764166132780227,0.08062255661415718,0.0,True
Fibroblast_stromal,NK,0.41424968176248456,0.0,0.41424968176248456,0.3146204095335199,0.09962927222896467,0.0,True
Bcell_B1,Myeloid_migratory,0.4105556388493531,0.0,0.4105556388493531,0.18293999106491052,0.22761564778444257,0.0,True
Myeloid_marginalzone,Myeloid_moDC,0.4101224403759469,0.0,0.4101224403759469,0.4550966315641244,-0.04497419118817747,0.0,True
Myeloid_Macrophage,Myeloid_marginalzone,0.40830807694290727,0.0,0.40830807694290727,0.3067432016179238,0.10156487532498348,0.0,True
CD4-Tcell_naive,CD8-Tcell_naive,0.4056987416433797,0.0,0.4056987416433797,0.534099077338114,-0.1284003356947343,0.0,True
CD8-Tcell_naive,CD8-Tcell_terminal,0.4015707401289509,0.0,0.4015707401289509,0.5027027623650878,-0.10113202223613693,0.0,True
Erythrocyte,Fibroblast_stromal,0.38626865051570713,0.0,0.38626865051570713,0.2976190636627024,0.08864958685300472,0.0,True
CD4-Tcell_FH,Myeloid_marginalzone,-0.38589690211028127,0.0,-0.38589690211028127,-0.06846913501885965,-0.3174277670914216,0.0,True
Endothelial,Myeloid_marginalzone,0.3801351810812217,0.0,0.3801351810812217,0.389542477461462,-0.009407296380240293,0.0,True
Myeloid_Macrophage-CXCL9/10,Myeloid_cDC1,0.3783425386474182,0.0,0.3783425386474182,0.19700229977009243,0.18134023887732575,0.0,True
Bcell_memory,Myeloid_marginalzone,-0.3763326756961627,0.0,-0.3763326756961627,-0.09893820461867309,-0.2773944710774896,0.0,True
CD4-Tcell_cytotoxic,CD8-Tcell_late-active,0.37493791215150984,0.0,0.37493791215150984,0.2527530944421326,0.12218481770937722,0.0,True
Endothelial,Fibroblast_stromal,0.37387525857252746,0.0,0.37387525857252746,0.2918816987126519,0.08199355985987555,0.0,True
CD8-Tcell_effector,Fibroblast_stromal,0.3711707858892904,0.0,0.3711707858892904,0.2910882746651008,0.08008251122418963,0.0,True
Erythrocyte_precursor,Myeloid_Macrophage-CXCL9/10,0.3698670443612945,0.0,0.3698670443612945,-0.00015406257336912643,0.3700211069346636,0.0,True
Hematopoeitic_stem_cell,Myeloid_migratory,-0.3652523602401274,0.0,-0.3652523602401274,-0.21335521785319433,-0.15189714238693308,0.0,True
Fibroblast_stromal,Myeloid_migratory,-0.3646253165644854,0.0,-0.3646253165644854,0.009557954281862987,-0.3741832708463484,0.0,True
Fibroblast_stromal,Myeloid_moDC,0.3578556759724223,0.0,0.3578556759724223,0.33782386417198695,0.02003181180043534,0.0,True
CD4-Tcell_naive,CD8-Tcell_early-active,0.3557862288191529,0.0,0.3557862288191529,0.525957752244902,-0.17017152342574915,0.0,True
Bcell_memory,Myeloid_moDC-CXCL9/10,0.3554434051256645,0.0,0.3554434051256645,0.24942344953001805,0.10601995559564648,0.0,True
Erythrocyte_precursor,Fibroblast_stromal,0.34924546465393114,0.0,0.34924546465393114,0.30186290097308255,0.04738256368084859,0.0,True
Bcell_B1,Myeloid_marginalzone,-0.3473688729895974,0.0,-0.3473688729895974,-0.1709463727759269,-0.1764225002136705,0.0,True
Myeloid_migratory,NK,-0.34429962530898706,0.0,-0.34429962530898706,-0.004381281122775346,-0.3399183441862117,0.0,True
Hematopoeitic_stem_cell,Myeloid_moDC,0.3371743625390413,0.0,0.3371743625390413,0.3946806257071317,-0.05750626316809038,0.0,True
Bcell_memory,Erythrocyte_precursor,-0.3330055531038608,0.0,-0.3330055531038608,-0.19624655793947587,-0.13675899516438494,0.0,True
Hematopoeitic_stem_cell,NK,0.331726237869461,0.0,0.331726237869461,0.35032850093001766,-0.01860226306055668,0.0,True
CD8-Tcell_effector,Myeloid_cDC1,0.33088935261390595,0.0,0.33088935261390595,0.22435962238253637,0.10652973023136958,0.0,True
CD8-Tcell_effector,Myeloid_monocyte,0.32993038753933923,0.0,0.32993038753933923,0.25207617532750143,0.0778542122118378,0.0,True
Myeloid_Macrophage-CXCL9/10,Myeloid_migratory,-0.32931090111844863,0.0,-0.32931090111844863,0.218291529694656,-0.5476024308131047,0.0,True
CD8-Tcell_proliferating,Myeloid_marginalzone,-0.3263966833163138,0.0,-0.3263966833163138,0.2420493395038751,-0.5684460228201889,0.0,True
CD8-Tcell_terminal,Myeloid_migratory,0.32634172387738125,0.0,0.32634172387738125,0.3866439819542069,-0.060302258076825654,0.0,True
CD4-Tcell_cytotoxic,Myeloid_moDC,0.32395995273006917,0.0,0.32395995273006917,0.34409989743865715,-0.020139944708587987,0.0,True
Erythrocyte,Myeloid_cDC1,0.32359069802625673,0.0,0.32359069802625673,0.27942922187952424,0.04416147614673249,0.0,True
CD4-Tcell_naive,CD8-Tcell_terminal,0.3234048180231559,0.0,0.3234048180231559,0.4839756627899086,-0.1605708447667527,0.0,True
Erythrocyte_precursor,Myeloid_moDC,0.32061835687572626,0.0,0.32061835687572626,0.40701629119221683,-0.08639793431649057,0.0,True
Hematopoeitic_stem_cell,Myeloid_Macrophage,0.3196357368125847,0.0,0.3196357368125847,0.25626130215850956,0.06337443465407516,0.0,True
Bcell_naive,Erythrocyte,-0.31937950943717497,0.0,-0.31937950943717497,-0.17585332172503723,-0.14352618771213774,0.0,True
Erythrocyte_precursor,NK,0.31887914363654163,0.0,0.31887914363654163,0.36448988638048874,-0.04561074274394711,0.0,True
CD8-Tcell_effector,Erythrocyte_precursor,0.31807843347307474,0.0,0.31807843347307474,0.27091127802111387,0.047167155451960874,0.0,True
CD4-Tcell_FH,Erythrocyte,-0.31748368533515026,0.0,-0.31748368533515026,-0.10559542111153214,-0.21188826422361812,0.0,True
CD8-Tcell_late-active,Fibroblast_stromal,0.31563105579410067,0.0,0.31563105579410067,0.1607637578915587,0.15486729790254197,0.0,True
CD8-Tcell_effector,Myeloid_Macrophage-CXCL9/10,0.314727407343271,0.0,0.314727407343271,0.21657894461112218,0.0981484627321488,0.0,True
Myeloid_Macrophage,Myeloid_cDC1,0.3119826526044318,0.0,0.3119826526044318,0.262389085761048,0.049593566843383785,0.0,True
Bcell_naive,Myeloid_marginalzone,-0.30883800171032183,0.0,-0.30883800171032183,-0.11092026860334078,-0.19791773310698105,0.0,True
CD8-Tcell_terminal,Myeloid_marginalzone,-0.3087449656946202,0.0,-0.3087449656946202,-0.0503760507873999,-0.25836891490722025,0.0,True
Hematopoeitic_stem_cell,Myeloid_cDC1,0.30299483504919217,0.0,0.30299483504919217,0.26511810872500496,0.037876726324187204,0.0,True
CD8-Tcell_late-active,Endothelial,0.30262758665192346,0.0,0.30262758665192346,0.10670520711367387,0.1959223795382496,0.0,True
CD8-Tcell_effector,Myeloid_migratory,-0.2978414699143347,0.0,-0.2978414699143347,0.08328520295957738,-0.38112667287391205,0.0,True
Myeloid_cDC1,Myeloid_moDC,0.29772398275475054,0.0,0.29772398275475054,0.2934870680357303,0.004236914719020213,0.0,True
CD4-Tcell_cytotoxic,Myeloid_Macrophage-CXCL9/10,0.29589240155938457,0.0,0.29589240155938457,0.20164219329442792,0.09425020826495664,0.0,True
Fibroblast_stromal,Myeloid_monocyte,0.29511592521356766,0.0,0.29511592521356766,0.2825091538319717,0.012606771381595938,0.0,True
Myeloid_cDC1,Myeloid_migratory,-0.2928289148405758,0.0,-0.2928289148405758,0.030892085647617577,-0.3237210004881934,0.0,True
Myeloid_migratory,Myeloid_moDC-CXCL9/10,0.2908172561191784,0.0,0.2908172561191784,0.26478087623022206,0.02603637988895635,0.0,True
Fibroblast_piezo2,Myeloid_marginalzone,0.28903666881700874,0.0,0.28903666881700874,0.2951826603146275,-0.006145991497618741,0.0,True
Erythrocyte,Myeloid_Macrophage,0.2886325792851876,0.0,0.2886325792851876,0.26628965299828,0.022342926286907594,0.0,True
CD4-Tcell_TH1,CD4-Tcell_cytotoxic,0.28838053582555667,0.0,0.28838053582555667,0.29059373695443413,-0.0022132011288774622,0.0,True
CD8-Tcell_late-active,Myeloid_cDC1,0.2871062249960864,0.0,0.2871062249960864,0.12728534959845877,0.15982087539762763,0.0,True
CD4-Tcell_FH,CD8-Tcell_proliferating,0.28709837976363384,0.0,0.28709837976363384,0.2168934097682216,0.07020496999541223,0.0,True
CD8-Tcell_proliferating,Erythrocyte_precursor,-0.2870672144446874,0.0,-0.2870672144446874,0.21916108760827196,-0.5062283020529594,0.0,True
Endothelial,Myeloid_migratory,-0.2869837572020753,0.0,-0.2869837572020753,-0.08966028741470285,-0.19732346978737247,0.0,True
Bcell_memory,CD8-Tcell_effector,-0.28674012541808086,0.0,-0.28674012541808086,0.08747745917983318,-0.37421758459791404,0.0,True
Bcell_B1,NK,-0.28671545422067396,0.0,-0.28671545422067396,-0.030985324164634925,-0.25573013005603906,0.0,True
Bcell_memory,Myeloid_Macrophage-CXCL9/10,-0.2866172247933807,0.0,-0.2866172247933807,0.21717922939619455,-0.5037964541895752,0.0,True
Bcell_GC,Erythrocyte,-0.2852621077439985,0.0,-0.2852621077439985,-0.10140474832437188,-0.18385735941962664,0.0,True
Bcell_memory,CD8-Tcell_proliferating,0.2848377786555001,0.0,0.2848377786555001,0.09975133493314889,0.1850864437223512,0.0,True
CD4-Tcell_Treg,Erythrocyte,-0.28315117284830915,0.0,-0.28315117284830915,-0.15062448035721684,-0.1325266924910923,0.0,True
Fibroblast_piezo2,Fibroblast_stromal,0.2828442016218029,0.0,0.2828442016218029,0.2592885873351272,0.023555614286675686,0.0,True
CD8-Tcell_terminal,Erythrocyte,-0.27918889119953993,0.0,-0.27918889119953993,-0.09011178296766635,-0.18907710823187357,0.0,True
Bcell_naive,Myeloid_moDC-CXCL9/10,0.2785966011723032,0.0,0.2785966011723032,0.28177364100263824,-0.0031770398303350156,0.0,True
CD8-Tcell_proliferating,Fibroblast_stromal,-0.2763457176850239,0.0,-0.2763457176850239,0.22959372793351301,-0.5059394456185369,0.0,True
CD4-Tcell_FH,NK,-0.27576198148519004,0.0,-0.27576198148519004,0.12150865206755945,-0.3972706335527495,0.0,True
CD4-Tcell_FH,Erythrocyte_precursor,-0.2755757822336478,0.0,-0.2755757822336478,-0.13753044171448986,-0.13804534051915796,0.0,True
Bcell_B1,Fibroblast_stromal,-0.275365692456362,0.0,-0.275365692456362,-0.009279709770409296,-0.2660859826859527,0.0,True
Erythrocyte_precursor,Myeloid_Macrophage,0.2730314609520839,0.0,0.2730314609520839,0.2570626717143906,0.015968789237693293,0.0,True
CD8-Tcell_Gamma-Delta-active,CD8-Tcell_late-active,0.2722950394584164,0.0,0.2722950394584164,0.31336650244098596,-0.041071462982569584,0.0,True
CD4-Tcell_FH,Hematopoeitic_stem_cell,-0.27173383923373096,0.0,-0.27173383923373096,-0.13583133282275506,-0.1359025064109759,0.0,True
CD4-Tcell_cytotoxic,Myeloid_Macrophage,0.2714357481301184,0.0,0.2714357481301184,0.27681059790846807,-0.005374849778349677,0.0,True
Endothelial,Myeloid_monocyte,0.27118448254314376,0.0,0.27118448254314376,0.3124400521473434,-0.04125556960419963,0.0,True
CD8-Tcell_proliferating,NK,-0.270585578592929,0.0,-0.270585578592929,0.28075778534109214,-0.5513433639340211,0.0,True
CD4-Tcell_FH,Endothelial,-0.2690816900941766,0.0,-0.2690816900941766,-0.002232696581142349,-0.26684899351303426,0.0,True
Bcell_B1,Myeloid_Macrophage-CXCL9/10,-0.2681680137299136,0.0,-0.2681680137299136,0.1992808271173957,-0.4674488408473093,0.0,True
Bcell_naive,Erythrocyte_precursor,-0.26715976344185,0.0,-0.26715976344185,-0.2165301342165843,-0.050629629225265704,0.0,True
CD4-Tcell_Treg,CD8-Tcell_proliferating,0.26636983213326115,0.0,0.26636983213326115,0.18749073082441942,0.07887910130884174,0.0,True
CD4-Tcell_cytotoxic,Myeloid_migratory,-0.2662597533159496,0.0,-0.2662597533159496,0.04720848278080116,-0.31346823609675073,0.0,True
Bcell_naive,Fibroblast_stromal,-0.26558804329178237,0.0,-0.26558804329178237,0.04739339933003445,-0.3129814426218168,0.0,True
CD4-Tcell_TH1,Myeloid_marginalzone,0.26495828832309765,0.0,0.26495828832309765,0.1757342799647098,0.08922400835838784,0.0,True
CD8-Tcell_proliferating,Hematopoeitic_stem_cell,-0.26478239409146176,0.0,-0.26478239409146176,0.21361379801018104,-0.4783961921016428,0.0,True
Bcell_B1,CD8-Tcell_effector,-0.26477911498482565,0.0,-0.26477911498482565,0.036918260029712,-0.30169737501453764,0.0,True
Endothelial,Myeloid_Macrophage-CXCL9/10,0.26467756567076917,0.0,0.26467756567076917,0.14156635993652317,0.123111205734246,0.0,True
CD4-Tcell_TH17,CD8-Tcell_late-active,0.2644238086872907,0.0,0.2644238086872907,0.381314851010673,-0.11689104232338227,0.0,True
Bcell_GC,Myeloid_Macrophage,-0.2641022499496727,0.0,-0.2641022499496727,0.10902279589665781,-0.3731250458463305,0.0,True
CD4-Tcell_Treg,CD8-Tcell_naive,0.26356136509707184,0.0,0.26356136509707184,0.5099556270315184,-0.24639426193444658,0.0,True
Hematopoeitic_stem_cell,Myeloid_moDC-CXCL9/10,-0.26344337948429886,0.0,-0.26344337948429886,-0.10943928828378158,-0.15400409120051728,0.0,True
CD8-Tcell_Gamma-Delta-CD8,CD8-Tcell_late-active,0.26303741039481254,0.0,0.26303741039481254,0.3967414006378789,-0.13370399024306634,0.0,True
CD8-Tcell_early-active,Myeloid_marginalzone,-0.26266939993343386,0.0,-0.26266939993343386,-0.12602258510715486,-0.136646814826279,0.0,True
CD4-Tcell_cytotoxic,Hematopoeitic_stem_cell,0.2622251730138038,0.0,0.2622251730138038,0.326986389310191,-0.06476121629638715,0.0,True
Bcell_GC,Myeloid_monocyte,-0.2618312735733456,0.0,-0.2618312735733456,0.07668607910857977,-0.3385173526819254,0.0,True
Myeloid_migratory,Myeloid_monocyte,-0.26121022519268666,0.0,-0.26121022519268666,-0.10392988982785878,-0.15728033536482788,0.0,True
Bcell_GC,Erythrocyte_precursor,-0.2611246199956102,0.0,-0.2611246199956102,-0.13151397652445354,-0.12961064347115667,0.0,True
Myeloid_cDC1,Myeloid_monocyte,0.2608876472697659,0.0,0.2608876472697659,0.23923162851067747,0.021656018759088402,0.0,True
CD8-Tcell_Gamma-Delta-Il4,CD8-Tcell_Gamma-Delta-active,0.26050599987364254,0.0,0.26050599987364254,0.28723864511468983,-0.026732645241047293,0.0,True
Endothelial,Myeloid_moDC,0.2594722516236154,0.0,0.2594722516236154,0.32849653789385463,-0.06902428627023921,0.0,True
CD4-Tcell_FH,Myeloid_moDC,-0.2589068225598176,0.0,-0.2589068225598176,0.03642270353660837,-0.295329526096426,0.0,True
Bcell_naive,Hematopoeitic_stem_cell,-0.2582129377793249,0.0,-0.2582129377793249,-0.22676785566581642,-0.031445082113508493,0.0,True
Fibroblast_piezo2,Hematopoeitic_stem_cell,0.25813587057118875,0.0,0.25813587057118875,0.2631065452097622,-0.004970674638573425,0.0,True
Myeloid_moDC,Myeloid_monocyte,0.2576618640745759,0.0,0.2576618640745759,0.32595214316819576,-0.06829027909361984,0.0,True
CD4-Tcell_cytotoxic,CD8-Tcell_Gamma-Delta-CD8,0.2570473811375019,0.0,0.2570473811375019,0.19459205759504,0.062455323542461916,0.0,True
Bcell_memory,Myeloid_cDC1,-0.25615042916065855,0.0,-0.25615042916065855,0.025519655919014967,-0.2816700850796735,0.0,True
CD8-Tcell_Gamma-Delta-Il4,CD8-Tcell_late-active,0.2549258151537932,0.0,0.2549258151537932,0.3710433352677873,-0.11611752011399412,0.0,True
Myeloid_Macrophage,Myeloid_migratory,-0.25369599535416426,0.0,-0.25369599535416426,0.0683699840266298,-0.32206597938079407,0.0,True
Bcell_GC,Hematopoeitic_stem_cell,-0.25352684559210725,0.0,-0.25352684559210725,-0.143483741146089,-0.11004310444601825,0.0,True
CD4-Tcell_TH1,Endothelial,0.24989931203029003,0.0,0.24989931203029003,0.18650811166451148,0.06339120036577855,0.0,True
CD8-Tcell_late-active,Myeloid_Macrophage-CXCL9/10,0.24974971632453924,0.0,0.24974971632453924,0.2615869333772725,-0.011837217052733273,0.0,True
Bcell_GC,Bcell_naive,0.2475687068475625,0.0,0.2475687068475625,0.3980555009192384,-0.15048679407167592,0.0,True
CD4-Tcell_TH1,NK,0.24749976885227348,0.0,0.24749976885227348,0.26232905968916115,-0.014829290836887665,0.0,True
Bcell_memory,Myeloid_monocyte,-0.24652391589635464,0.0,-0.24652391589635464,0.008019931278589673,-0.2545438471749443,0.0,True
CD4-Tcell_TH1,Myeloid_cDC1,0.24431518146573739,0.0,0.24431518146573739,0.17934457067008652,0.06497061079565086,0.0,True
CD8-Tcell_late-active,Myeloid_Macrophage,0.24276779293359302,0.0,0.24276779293359302,0.174491558628664,0.06827623430492902,0.0,True
Myeloid_Macrophage,Myeloid_monocyte,0.24055875988412073,0.0,0.24055875988412073,0.22230220433752532,0.018256555546595415,0.0,True
CD8-Tcell_terminal,Myeloid_Macrophage-CXCL9/10,-0.23643129133796897,0.0,-0.23643129133796897,0.24652641877335124,-0.4829577101113202,0.0,True
Bcell_memory,Myeloid_pDC,0.235742646763275,0.0,0.235742646763275,0.16865044021180703,0.06709220655146797,0.0,True
CD8-Tcell_early-active,Fibroblast_stromal,-0.23550600638593033,0.0,-0.23550600638593033,0.008833949035469694,-0.24433995542140002,0.0,True
CD4-Tcell_TH17,CD4-Tcell_cytotoxic,0.23519399747639042,0.0,0.23519399747639042,0.20312170978832378,0.032072287688066636,0.0,True
Bcell_early,Bcell_naive,0.23391090806782128,0.0,0.23391090806782128,0.44150560852439014,-0.20759470045656886,0.0,True
CD8-Tcell_Gamma-Delta-CD8,CD8-Tcell_effector,0.23297631957118514,0.0,0.23297631957118514,0.2088790798699658,0.024097239701219353,0.0,True
CD4-Tcell_TH17,CD8-Tcell_Gamma-Delta-CD8,0.23179691297925265,0.0,0.23179691297925265,0.4088088714077375,-0.17701195842848483,0.0,True
CD4-Tcell_Treg,Erythrocyte_precursor,-0.23165232233822863,0.0,-0.23165232233822863,-0.18217253908648964,-0.04947978325173899,0.0,True
CD8-Tcell_Gamma-Delta-active,Myeloid_marginalzone,0.2314604092949049,0.0,0.2314604092949049,0.22535780394106925,0.006102605353835666,0.0,True
CD8-Tcell_proliferating,Myeloid_Macrophage-CXCL9/10,-0.23107778124280448,0.0,-0.23107778124280448,0.2007552631592075,-0.431833044402012,0.0,True
Bcell_B1,Bcell_GC,0.23090104662827754,0.0,0.23090104662827754,0.34601523741489076,-0.11511419078661322,0.0,True
CD4-Tcell_FH,CD8-Tcell_effector,-0.22990829848123467,0.0,-0.22990829848123467,0.19617171117282922,-0.4260800096540639,0.0,True
CD4-Tcell_cytotoxic,Erythrocyte,0.22866428877070644,0.0,0.22866428877070644,0.323765412839848,-0.09510112406914156,0.0,True
Myeloid_Macrophage-CXCL9/10,Myeloid_monocyte,0.22763884173067733,0.0,0.22763884173067733,0.12812432895954964,0.09951451277112769,0.0,True
Bcell_memory,CD4-Tcell_Treg,0.2257571659085496,0.0,0.2257571659085496,0.1850243899495812,0.040732775958968404,0.0,True
CD8-Tcell_effector,CD8-Tcell_proliferating,-0.22553557023895593,0.0,-0.22553557023895593,0.3009444170731279,-0.5264799873120838,0.0,True
CD4-Tcell_Treg,Hematopoeitic_stem_cell,-0.22477691837067598,0.0,-0.22477691837067598,-0.17294999606629918,-0.0518269223043768,0.0,True
Neutrophil,Neutrophil_Elane,0.22337390248447753,0.0,0.22337390248447753,0.2697936517282805,-0.04641974924380299,0.0,True
Bcell_GC,CD4-Tcell_TH1,-0.2212645000806296,0.0,-0.2212645000806296,0.23777899343130415,-0.45904349351193374,0.0,True
Bcell_early,Bcell_memory,0.2211720190161055,0.0,0.2211720190161055,0.4135500996248878,-0.1923780806087823,0.0,True
Bcell_naive,NK,-0.22077365567418633,0.0,-0.22077365567418633,0.0469786545497484,-0.26775231022393475,0.0,True
Bcell_B1,Myeloid_monocyte,-0.22005364434493835,0.0,-0.22005364434493835,-0.04093166724228264,-0.1791219771026557,0.0,True
CD8-Tcell_terminal,Erythrocyte_precursor,-0.2188688533542555,0.0,-0.2188688533542555,-0.1247129238570351,-0.09415592949722039,0.0,True
Fibroblast_piezo2,Myeloid_moDC,0.21870998527893648,0.0,0.21870998527893648,0.24701409438511035,-0.02830410910617387,0.0,True
CD8-Tcell_Gamma-Delta-active,Myeloid_monocyte,0.2186737603186622,0.0,0.2186737603186622,0.21780618076012195,0.000867579558540249,0.0,True
Myeloid_moDC-CXCL9/10,Myeloid_pDC,0.21804500602175325,0.0,0.21804500602175325,0.23435822726274672,-0.016313221240993464,0.0,True
Erythrocyte,Myeloid_pDC,-0.2174939558285643,0.0,-0.2174939558285643,-0.12258740376088809,-0.0949065520676762,0.0,True
Bcell_GC,CD4-Tcell_FH,0.2171215366897023,0.0,0.2171215366897023,0.24242918009631537,-0.025307643406613067,0.0,True
CD8-Tcell_Gamma-Delta-Il4,Myeloid_moDC,0.2150703301677394,0.0,0.2150703301677394,0.0826779014374725,0.1323924287302669,0.0,True
CD4-Tcell_TH17,CD8-Tcell_effector,0.21254157146053299,0.0,0.21254157146053299,0.23126127154171255,-0.01871970008117957,0.0,True
CD8-Tcell_proliferating,Myeloid_moDC,-0.21114455406973476,0.0,-0.21114455406973476,0.23811275467581142,-0.44925730874554615,0.0,True
CD8-Tcell_proliferating,Myeloid_moDC-CXCL9/10,0.2105176033855924,0.0,0.2105176033855924,0.14149715309471503,0.06902045029087736,0.0,True
Bcell_B1,Bcell_plasma,-0.21010079184332553,0.0,-0.21010079184332553,-0.02315578610502321,-0.1869450057383023,0.0,True
CD4-Tcell_FH,CD4-Tcell_cytotoxic,-0.20897585806149027,0.0,-0.20897585806149027,0.1605730582771886,-0.36954891633867887,0.0,True
Endothelial,Erythrocyte,0.20883437904737356,0.0,0.20883437904737356,0.30741778904670847,-0.0985834099993349,0.0,True
CD8-Tcell_Gamma-Delta-active,Fibroblast_stromal,0.20748172089441091,0.0,0.20748172089441091,0.24717703741165759,-0.03969531651724667,0.0,True
CD8-Tcell_terminal,Hematopoeitic_stem_cell,-0.20634251975837997,0.0,-0.20634251975837997,-0.12258479621296782,-0.08375772354541215,0.0,True
CD8-Tcell_terminal,NK,-0.20617061344902127,0.0,-0.20617061344902127,0.13985753549239124,-0.34602814894141254,0.0,True
CD8-Tcell_proliferating,Myeloid_cDC1,-0.20435511299374096,0.0,-0.20435511299374096,0.19155951280811845,-0.39591462580185943,0.0,True
Bcell_B1,Myeloid_Macrophage,-0.20409472038356885,0.0,-0.20409472038356885,0.02806151803323817,-0.23215623841680702,0.0,True
Bcell_B1,Bcell_early,0.2026558876543651,0.0,0.2026558876543651,0.41269769935421063,-0.21004181169984554,0.0,True
CD4-Tcell_Treg,Fibroblast_stromal,-0.20262337822172427,0.0,-0.20262337822172427,0.037503964054844866,-0.24012734227656912,0.0,True
Endothelial,Hematopoeitic_stem_cell,0.2012342110301703,0.0,0.2012342110301703,0.30450588333003636,-0.10327167229986606,0.0,True
Erythrocyte_precursor,Fibroblast_piezo2,0.20057509838552035,0.0,0.20057509838552035,0.27146450149609125,-0.0708894031105709,0.0,True
CD8-Tcell_early-active,Myeloid_Macrophage-CXCL9/10,-0.19669208418159007,0.0,-0.19669208418159007,0.19903796877730928,-0.39573005295889935,0.0,True
Bcell_GC,CD8-Tcell_Gamma-Delta-Il4,-0.1962852025344059,0.0,-0.1962852025344059,0.25534253909224613,-0.45162774162665204,0.0,True
Bcell_naive,CD8-Tcell_effector,-0.19531085094269496,0.0,-0.19531085094269496,0.11051353576624301,-0.30582438670893797,0.0,True
Bcell_naive,Bcell_plasma,-0.19527130224777622,0.0,-0.19527130224777622,0.033284893674608934,-0.22855619592238516,0.0,True
CD8-Tcell_Gamma-Delta-Il4,Endothelial,0.1940520913591129,0.0,0.1940520913591129,0.051552293287177184,0.1424997980719357,0.0,True
Bcell_GC,CD8-Tcell_Gamma-Delta-active,-0.19354072631783587,0.0,-0.19354072631783587,0.23358742341461797,-0.42712814973245383,0.0,True
CD8-Tcell_Gamma-Delta-active,Myeloid_cDC1,0.19208415479542246,0.0,0.19208415479542246,0.21173778141993205,-0.01965362662450959,0.0,True
Bcell_early,Erythrocyte,-0.1912988470605277,0.0,-0.1912988470605277,-0.14017803856245933,-0.051120808498068354,0.0,True
Bcell_memory,CD8-Tcell_late-active,-0.19129115974481387,0.0,-0.19129115974481387,0.20011703834041272,-0.3914081980852266,0.0,True
Erythrocyte,Fibroblast_piezo2,0.19048003500427463,0.0,0.19048003500427463,0.2721681204191143,-0.08168808541483968,0.0,True
CD8-Tcell_terminal,Myeloid_Macrophage,-0.18963619657991326,0.0,-0.18963619657991326,0.1359174418822331,-0.32555363846214636,0.0,True
CD8-Tcell_Gamma-Delta-CD8,NK,0.18958955134855326,0.0,0.18958955134855326,0.13968990888713198,0.049899642461421284,0.0,True
CD8-Tcell_early-active,Hematopoeitic_stem_cell,-0.1893470528184047,0.0,-0.1893470528184047,-0.171290146145464,-0.018056906672940687,0.0,True
CD4-Tcell_TH17,CD8-Tcell_Gamma-Delta-Il4,0.1874055343561828,0.0,0.1874055343561828,0.38615187409418994,-0.19874633973800715,0.0,True
Fibroblast_mesothelial,Myeloid_migratory,0.18607401522736156,0.0,0.18607401522736156,-0.0534094853406718,0.23948350056803336,0.0,True
Bcell_naive,Endothelial,-0.18565658370783827,0.0,-0.18565658370783827,0.038891612865636416,-0.2245481965734747,0.0,True
CD4-Tcell_TH1,Myeloid_moDC,0.1832777237838466,0.0,0.1832777237838466,0.208841393514883,-0.02556366973103641,0.0,True
CD4-Tcell_FH,Fibroblast_piezo2,-0.1796623421057882,0.0,-0.1796623421057882,0.020707886992065078,-0.20037022909785326,0.0,True
CD8-Tcell_early-active,Myeloid_cDC1,-0.17877682689933977,0.0,-0.17877682689933977,0.01915740614892749,-0.19793423304826727,0.0,True
Bcell_GC,CD4-Tcell_TH17,-0.17865136082288968,0.0,-0.17865136082288968,0.2548053749079664,-0.4334567357308561,0.0,True
Bcell_early,Myeloid_migratory,0.1772000879887266,0.0,0.1772000879887266,0.15019738130875238,0.02700270667997423,0.0,True
CD8-Tcell_early-active,Myeloid_moDC,-0.1764412204903224,0.0,-0.1764412204903224,-0.017525346694491767,-0.15891587379583064,0.0,True
Bcell_naive,Myeloid_monocyte,-0.17632076203810926,0.0,-0.17632076203810926,0.01914270290154677,-0.19546346493965602,0.0,True
CD4-Tcell_TH1,Myeloid_Macrophage-CXCL9/10,0.17616219170409497,0.0,0.17616219170409497,0.2428117545285133,-0.06664956282441833,0.0,True
Fibroblast_piezo2,NK,0.17505822614982436,0.0,0.17505822614982436,0.25028722761437566,-0.0752290014645513,0.0,True
Bcell_GC,CD8-Tcell_terminal,0.17283655215361798,0.0,0.17283655215361798,0.2508430789531366,-0.07800652679951864,0.0,True
CD8-Tcell_terminal,Myeloid_pDC,0.17219829484674903,0.0,0.17219829484674903,0.3215462486724335,-0.14934795382568444,0.0,True
CD8-Tcell_naive,Myeloid_marginalzone,-0.17204607584542647,0.0,-0.17204607584542647,-0.1194268509912608,-0.052619224854165675,0.0,True
CD8-Tcell_early-active,Endothelial,-0.17186322724320147,0.0,-0.17186322724320147,-0.06344467459812494,-0.10841855264507652,0.0,True
CD8-Tcell_Gamma-Delta-active,NK_ILC3,0.1717227984975282,0.0,0.1717227984975282,0.28830938071388457,-0.11658658221635637,0.0,True
CD8-Tcell_effector,NK_proliferating,0.1707160478545382,0.0,0.1707160478545382,0.3615885973292531,-0.19087254947471488,0.0,True
CD8-Tcell_terminal,Fibroblast_mesothelial,0.1707048111198402,0.0,0.1707048111198402,-0.033766112513469566,0.20447092363330976,0.0,True
CD4-Tcell_cytotoxic,NK_proliferating,0.1704532741054161,0.0,0.1704532741054161,0.39828534191331627,-0.22783206780790016,0.0,True
Bcell_B1,CD8-Tcell_late-active,-0.1693985368920506,0.0,-0.1693985368920506,0.1876601618361583,-0.3570586987282089,0.0,True
CD8-Tcell_late-active,Myeloid_migratory,-0.16931632469531066,0.0,-0.16931632469531066,0.30609251560367123,-0.4754088402989819,0.0,True
CD8-Tcell_naive,Fibroblast_stromal,-0.1691928436748526,0.0,-0.1691928436748526,0.010108671419185807,-0.1793015150940384,0.0,True
Bcell_naive,CD4-Tcell_cytotoxic,-0.16806764320781015,0.0,-0.16806764320781015,0.08522383511293839,-0.25329147832074855,0.0,True
CD4-Tcell_FH,Myeloid_pDC,0.1676409297587803,0.0,0.1676409297587803,0.3281568005461126,-0.16051587078733232,0.0,True
CD8-Tcell_terminal,Myeloid_monocyte,-0.16744721375152402,0.0,-0.16744721375152402,0.009599069876485455,-0.17704628362800948,0.0,True
CD8-Tcell_Gamma-Delta-Il4,Fibroblast_piezo2,0.16733375418523122,0.0,0.16733375418523122,0.035995109778812394,0.13133864440641882,0.0,True
CD4-Tcell_TH17,Myeloid_marginalzone,0.16609370818989483,0.0,0.16609370818989483,0.0053811956491263205,0.16071251254076852,0.0,True
CD8-Tcell_Gamma-Delta-CD8,Myeloid_marginalzone,0.16444021463138492,0.0,0.16444021463138492,-0.033924324251697315,0.19836453888308223,0.0,True
CD8-Tcell_Gamma-Delta-Il4,Myeloid_Macrophage,0.1641735236189492,0.0,0.1641735236189492,0.14173140360172376,0.022442120017225453,0.0,True
CD8-Tcell_effector,Fibroblast_piezo2,0.16371584233082626,0.0,0.16371584233082626,0.201297760800398,-0.037581918469571735,0.0,True
CD8-Tcell_late-active,Erythrocyte_precursor,0.16214268652705371,0.0,0.16214268652705371,-0.02568656916402414,0.18782925569107786,0.0,True
CD8-Tcell_Gamma-Delta-CD8,NK_ILC3,0.16082066345401758,0.0,0.16082066345401758,0.2118781925061387,-0.05105752905212113,0.0,True
Bcell_B1,Fibroblast_mesothelial,0.16081221193112671,0.0,0.16081221193112671,-0.11999593732095881,0.2808081492520855,0.0,True
CD4-Tcell_Treg,Myeloid_cDC1,-0.160564580544693,0.0,-0.160564580544693,0.03537480018697147,-0.19593938073166448,0.0,True
Bcell_early,Myeloid_marginalzone,-0.16019044679018074,0.0,-0.16019044679018074,-0.0720125695578967,-0.08817787723228404,0.0,True
CD4-Tcell_cytotoxic,Fibroblast_piezo2,0.15787874112623201,0.0,0.15787874112623201,0.22730475289938593,-0.06942601177315391,0.0,True
Bcell_naive,CD8-Tcell_terminal,0.15751719359709226,0.0,0.15751719359709226,0.2417646095967566,-0.08424741599966434,0.0,True
CD4-Tcell_cytotoxic,NK_ILC3,0.1553850386037841,0.0,0.1553850386037841,0.3025072540988936,-0.1471222154951095,0.0,True
CD8-Tcell_late-active,Hematopoeitic_stem_cell,0.15507973538270464,0.0,0.15507973538270464,-0.026255885355563294,0.18133562073826792,0.0,True
Myeloid_cDC1,NK_proliferating,0.15426082792608953,0.0,0.15426082792608953,0.27340779269261417,-0.11914696476652464,0.0,True
Bcell_plasma,Myeloid_marginalzone,0.15393559420774877,0.0,0.15393559420774877,0.2193691878678833,-0.06543359366013451,0.0,True
CD8-Tcell_Gamma-Delta-CD8,Myeloid_moDC,0.1522048740464642,0.0,0.1522048740464642,0.06049395370320153,0.09171092034326268,0.0,True
Bcell_early,Myeloid_cDC1,-0.15203990341662132,0.0,-0.15203990341662132,0.03633849928058074,-0.18837840269720207,0.0,True
CD4-Tcell_TH17,Endothelial,0.15183273366215663,0.0,0.15183273366215663,0.061994933697988294,0.08983779996416834,0.0,True
CD4-Tcell_Treg,NK,-0.15097249960071024,0.0,-0.15097249960071024,0.08008193227742821,-0.23105443187813846,0.0,True
CD8-Tcell_early-active,Myeloid_Macrophage,-0.14998126193357086,0.0,-0.14998126193357086,0.08256119977318169,-0.23254246170675255,0.0,True
CD8-Tcell_Gamma-Delta-active,Myeloid_Macrophage,0.14865376218884496,0.0,0.14865376218884496,0.23958318075492419,-0.09092941856607922,0.0,True
Fibroblast_mesothelial,NK,-0.14845165503327634,0.0,-0.14845165503327634,-0.07685990753873938,-0.07159174749453696,0.0,True
CD4-Tcell_TH1,Myeloid_migratory,-0.14773437606403075,0.0,-0.14773437606403075,0.2027527763650918,-0.35048715242912254,0.0,True
CD8-Tcell_late-active,NK_proliferating,0.14765115288719216,0.0,0.14765115288719216,0.19974045637919133,-0.05208930349199917,0.0,True
Erythrocyte_precursor,Fibroblast_mesothelial,-0.14718730289154625,0.0,-0.14718730289154625,-0.07817893039564915,-0.0690083724958971,0.0,True
CD8-Tcell_effector,CD8-Tcell_terminal,-0.14693275714155615,0.0,-0.14693275714155615,0.22235914565918252,-0.36929190280073865,0.0,True
CD4-Tcell_TH17,Myeloid_Macrophage-CXCL9/10,0.14672811911873873,0.0,0.14672811911873873,0.25972431530872864,-0.1129961961899899,0.0,True
Bcell_plasma,NK,0.14664829902025425,0.0,0.14664829902025425,0.19322579954929758,-0.04657750052904333,0.0,True
CD4-Tcell_TH17,Myeloid_cDC1,0.1465491266679338,0.0,0.1465491266679338,0.10346524281214371,0.04308388385579008,0.0,True
Bcell_naive,CD8-Tcell_late-active,-0.1463942361402447,0.0,-0.1463942361402447,0.24534336479423158,-0.3917376009344763,0.0,True
Myeloid_marginalzone,Myeloid_pDC,-0.14455059586552244,0.0,-0.14455059586552244,-0.056542238790599685,-0.08800835707492274,0.0,True
CD8-Tcell_Gamma-Delta-CD8,Endothelial,0.14305235504188224,0.0,0.14305235504188224,0.030253705372351045,0.1127986496695312,0.0,True
Bcell_early,Myeloid_DC2,0.1423868746186398,0.0,0.1423868746186398,0.27726544898935535,-0.13487857437071554,0.0,True
Bcell_GC,Bcell_early,0.14208695608448774,0.0,0.14208695608448774,0.38393530903306544,-0.2418483529485777,0.0,True
CD8-Tcell_early-active,Myeloid_monocyte,-0.14175571352469105,0.0,-0.14175571352469105,-0.07432141660818893,-0.06743429691650211,0.0,True
Bcell_naive,Mast-Cell,0.14173656589271755,0.0,0.14173656589271755,0.06506995911170428,0.07666660678101327,0.0,True
Bcell_plasma,CD8-Tcell_effector,0.14033613984402749,0.0,0.14033613984402749,0.17756180101855834,-0.037225661174530855,0.0,True
Bcell_naive,Thrombocyte,-0.13961130626480953,0.0,-0.13961130626480953,-0.07862839756170749,-0.06098290870310204,0.0,True
CD8-Tcell_Gamma-Delta-Il4,Mast-Cell,0.13945104396030938,0.0,0.13945104396030938,0.1081887091459387,0.031262334814370685,0.0,True
Hematopoeitic_stem_cell,NK_proliferating,0.13870428336550528,0.0,0.13870428336550528,0.40847190490322355,-0.26976762153771827,0.0,True
CD4-Tcell_Treg,Myeloid_Macrophage,-0.13770283418923718,0.0,-0.13770283418923718,0.10605418635320224,-0.24375702054243942,0.0,True
Bcell_memory,CD4-Tcell_TH1,-0.13750647037318348,0.0,-0.13750647037318348,0.16768458095503289,-0.30519105132821633,0.0,True
Erythrocyte,Myeloid_DC2,-0.1373762520990453,0.0,-0.1373762520990453,-0.07825399331801397,-0.059122258781031334,0.0,True
CD8-Tcell_effector,NK_ILC3,0.1370816445875072,0.0,0.1370816445875072,0.2919924892459275,-0.1549108446584203,0.0,True
CD4-Tcell_cytotoxic,Mast-Cell,0.13701452522938212,0.0,0.13701452522938212,0.337378519127136,-0.2003639938977539,0.0,True
Fibroblast_mesothelial,Myeloid_marginalzone,-0.13645625763534658,0.0,-0.13645625763534658,-0.0790213734064363,-0.057434884228910285,0.0,True
Myeloid_Macrophage-CXCL9/10,NK_proliferating,0.13601141257757016,0.0,0.13601141257757016,0.16934907101011923,-0.03333765843254907,0.0,True
CD8-Tcell_Gamma-Delta-Il4,Erythrocyte_precursor,0.13551940778941535,0.0,0.13551940778941535,-0.09522183885330006,0.2307412466427154,0.0,True
CD4-Tcell_Treg,CD8-Tcell_Gamma-Delta-CD8,0.1352878104636266,0.0,0.1352878104636266,0.4523636884996797,-0.3170758780360531,0.0,True
Bcell_plasma,Fibroblast_stromal,0.1351786003741825,0.0,0.1351786003741825,0.1514345258540813,-0.016255925479898792,0.0,True
CD8-Tcell_Gamma-Delta-CD8,CD8-Tcell_naive,0.13471705470057788,0.0,0.13471705470057788,0.4716837780734414,-0.33696672337286354,0.0,True
CD8-Tcell_Gamma-Delta-CD8,CD8-Tcell_early-active,0.13421895119019264,0.0,0.13421895119019264,0.4656693740325706,-0.3314504228423779,0.0,True
CD8-Tcell_early-active,Fibroblast_piezo2,-0.13387355170092397,0.0,-0.13387355170092397,0.004479690304916101,-0.13835324200584007,0.0,True
Bcell_plasma,Myeloid_Macrophage,0.13386930126417906,0.0,0.13386930126417906,0.1385445500211614,-0.004675248756982331,0.0,True
Myeloid_migratory,Thrombocyte,-0.13386148873607093,0.0,-0.13386148873607093,-0.10920619191117803,-0.024655296824892897,0.0,True
Hematopoeitic_stem_cell,Myeloid_DC2,-0.1328458090231685,0.0,-0.1328458090231685,-0.08852542579188659,-0.044320383231281915,0.0,True
CD8-Tcell_Gamma-Delta-active,Myeloid_Macrophage-CXCL9/10,0.13156312861236233,0.0,0.13156312861236233,0.2559905271709662,-0.12442739855860388,0.0,True
Bcell_B1,Thrombocyte,-0.13105547293254052,0.0,-0.13105547293254052,-0.11998041318699579,-0.011075059745544735,0.0,True
CD4-Tcell_TH17,CD4-Tcell_Treg,0.13102541516506602,0.0,0.13102541516506602,0.4119106306567045,-0.2808852154916385,0.0,True
CD8-Tcell_Gamma-Delta-CD8,Myeloid_Macrophage-CXCL9/10,0.13072268981880975,0.0,0.13072268981880975,0.2569561396271326,-0.12623344980832285,0.0,True
Endothelial,Fibroblast_mesothelial,-0.1306868364822299,0.0,-0.1306868364822299,-0.04970215336091925,-0.08098468312131064,0.0,True
Myeloid_pDC,NK,-0.13044465624424897,0.0,-0.13044465624424897,0.043719277685235425,-0.1741639339294844,0.0,True
CD4-Tcell_Treg,Myeloid_moDC,-0.13018646886902835,0.0,-0.13018646886902835,0.0022293151802990976,-0.13241578404932744,0.0,True
CD8-Tcell_late-active,Fibroblast_piezo2,0.12999687679275496,0.0,0.12999687679275496,0.08303803716380796,0.046958839628946994,0.0,True
Bcell_B1,Neutrophil,-0.1298032155778299,0.0,-0.1298032155778299,0.00205342857386615,-0.13185664415169604,0.0,True
Bcell_naive,NK_ILC3,0.1296008025520468,0.0,0.1296008025520468,0.2030686329311213,-0.07346783037907448,0.0,True
Bcell_early,CD4-Tcell_Treg,0.12958397109442926,0.0,0.12958397109442926,0.18692889071712965,-0.057344919622700385,0.0,True
Bcell_GC,CD4-Tcell_Treg,0.12917910094736595,0.0,0.12917910094736595,0.2372546629226668,-0.10807556197530085,0.0,True
Bcell_early,Fibroblast_stromal,-0.1287611060675396,0.0,-0.1287611060675396,0.06923630770937488,-0.1979974137769145,0.0,True
Bcell_early,Erythrocyte_precursor,-0.1281513395905201,0.0,-0.1281513395905201,-0.17576260478858455,0.04761126519806444,0.0,True
Endothelial,NK_proliferating,0.1281472529339427,0.0,0.1281472529339427,0.3395362068311699,-0.21138895389722723,0.0,True
CD4-Tcell_FH,CD8-Tcell_late-active,-0.1277057896120516,0.0,-0.1277057896120516,0.4008907305113443,-0.5285965201233959,0.0,True
Myeloid_moDC,NK_ILC3,0.12761393843262153,0.0,0.12761393843262153,0.26391531371694626,-0.13630137528432473,0.0,True
Bcell_B1,CD8-Tcell_terminal,0.1275861258622007,0.0,0.1275861258622007,0.19704489660318658,-0.06945877074098589,0.0,True
Myeloid_DC2,Myeloid_moDC-CXCL9/10,0.12609144603824113,0.0,0.12609144603824113,0.3051076051390861,-0.17901615910084495,0.0,True
Bcell_early,NK_ILC3,0.1258070344876781,0.0,0.1258070344876781,0.20639290376536218,-0.08058586927768407,0.0,True
Bcell_naive,Myeloid_moDC,-0.12534352552412337,0.0,-0.12534352552412337,0.005274717464200426,-0.1306182429883238,0.0,True
Bcell_plasma,Myeloid_monocyte,0.1249687115679741,0.0,0.1249687115679741,0.18240969396131812,-0.057440982393344026,0.0,True
CD8-Tcell_early-active,CD8-Tcell_effector,-0.12490512384286198,0.0,-0.12490512384286198,0.1434453692602875,-0.2683504931031495,0.0,True
CD4-Tcell_Treg,Myeloid_monocyte,-0.12262790924597265,0.0,-0.12262790924597265,-0.04775716426153395,-0.0748707449844387,0.0,True
CD8-Tcell_naive,Myeloid_moDC,-0.12215512001403736,0.0,-0.12215512001403736,-0.013632362010346837,-0.10852275800369052,0.0,True
CD8-Tcell_Gamma-Delta-active,Fibroblast_piezo2,0.12134816500566797,0.0,0.12134816500566797,0.16066817579964623,-0.03932001079397826,0.0,True
CD8-Tcell_terminal,Fibroblast_piezo2,-0.12112240079953562,0.0,-0.12112240079953562,0.03313978125785688,-0.1542621820573925,0.0,True
Bcell_early,Hematopoeitic_stem_cell,-0.12094749346100184,0.0,-0.12094749346100184,-0.18833740744357283,0.06738991398257099,0.0,True
Bcell_plasma,CD4-Tcell_TH1,0.11885478403434138,0.0,0.11885478403434138,0.12800450718106765,-0.009149723146726269,0.0,True
CD8-Tcell_Gamma-Delta-CD8,Myeloid_cDC1,0.11859704320751546,0.0,0.11859704320751546,0.08041026946532452,0.03818677374219094,0.0,True
CD8-Tcell_effector,Myeloid_moDC-CXCL9/10,-0.11850854816712753,0.0,-0.11850854816712753,0.14844363587372084,-0.26695218404084836,0.0,True
Bcell_plasma,Myeloid_Macrophage-CXCL9/10,0.1182073326193803,0.0,0.1182073326193803,0.1031324606295783,0.015074871989801994,0.0,True
CD4-Tcell_FH,Thrombocyte,-0.11788681107876459,0.0,-0.11788681107876459,-0.05811421290477692,-0.05977259817398767,0.0,True
Bcell_B1,CD4-Tcell_TH1,-0.11607466684400056,0.0,-0.11607466684400056,0.1399927396921436,-0.2560674065361441,0.0,True
CD8-Tcell_Gamma-Delta-Il4,CD8-Tcell_proliferating,-0.115181625854925,0.0,-0.115181625854925,0.20757591579608087,-0.3227575416510059,0.0,True
Erythrocyte_precursor,NK_proliferating,0.11506061750175808,0.0,0.11506061750175808,0.4221271027308723,-0.30706648522911417,0.0,True
CD4-Tcell_cytotoxic,Fibroblast_mesothelial,-0.11463678783183909,0.0,-0.11463678783183909,-0.07736270249916018,-0.03727408533267891,0.0,True
Bcell_early,Mast-Cell,0.11438429738733774,0.0,0.11438429738733774,0.0761408443808547,0.03824345300648305,0.0,True
CD8-Tcell_Gamma-Delta-Il4,NK_proliferating,0.11403234598398668,0.0,0.11403234598398668,0.14221939640373918,-0.028187050419752502,0.0,True
Bcell_naive,CD4-Tcell_TH1,-0.11366404392936935,0.0,-0.11366404392936935,0.20530229811207593,-0.31896634204144525,0.0,True
Bcell_plasma,CD4-Tcell_FH,-0.11359582061103388,0.0,-0.11359582061103388,0.033222938058540714,-0.14681875866957458,0.0,True
Bcell_naive,Neutrophil,-0.11196124878726635,0.0,-0.11196124878726635,0.04695822834303832,-0.15891947713030466,0.0,True
Bcell_GC,CD8-Tcell_early-active,0.11174763367502347,0.0,0.11174763367502347,0.17728742603455577,-0.0655397923595323,0.0,True
NK,NK_ILC3,0.11143317284731286,0.0,0.11143317284731286,0.27627512135521975,-0.1648419485079069,0.0,True
CD4-Tcell_TH1,Fibroblast_piezo2,0.10943967813740466,0.0,0.10943967813740466,0.14083972033641418,-0.03140004219900952,0.0,True
NK,Thrombocyte,0.10911517094825918,0.0,0.10911517094825918,0.17530795673028984,-0.06619278578203067,0.0,True
Myeloid_DC2,Myeloid_pDC,0.10830163307715107,0.0,0.10830163307715107,0.1875049430599734,-0.07920330998282232,0.0,True
Bcell_plasma,Endothelial,0.10797697469189119,0.0,0.10797697469189119,0.15347819747090827,-0.04550122277901708,0.0,True
Bcell_B1,Mast-Cell,0.10528877024108199,0.0,0.10528877024108199,-0.011194729799158896,0.11648350004024088,0.0,True
CD4-Tcell_TH17,NK_proliferating,0.10514670518317099,0.0,0.10514670518317099,0.1606001003302741,-0.055453395147103124,0.0,True
Bcell_plasma,Neutrophil,0.1047557492087419,0.0,0.1047557492087419,0.13086055531806653,-0.02610480610932464,0.0,True
Fibroblast_mesothelial,Myeloid_moDC,-0.10444209905238108,0.0,-0.10444209905238108,-0.08246487403994979,-0.021977225012431295,0.0,True
CD8-Tcell_Gamma-Delta-CD8,NK_proliferating,0.1036054099974123,0.0,0.1036054099974123,0.13330183556572547,-0.029696425568313173,0.0,True
CD8-Tcell_late-active,CD8-Tcell_proliferating,-0.10278634655842649,0.0,-0.10278634655842649,0.2502138738641983,-0.3530002204226248,0.0,True
CD8-Tcell_late-active,Myeloid_DC2,0.10257636621604853,0.0,0.10257636621604853,0.22093241205200437,-0.11835604583595584,0.0,True
CD4-Tcell_TH17,Myeloid_DC2,0.10247098507307326,0.0,0.10247098507307326,0.21698363278586924,-0.11451264771279598,0.0,True
CD8-Tcell_Gamma-Delta-active,Erythrocyte_precursor,0.10202553269417537,0.0,0.10202553269417537,0.1347113191523337,-0.032685786458158325,0.0,True
CD8-Tcell_naive,Myeloid_monocyte,-0.10151087952169191,0.0,-0.10151087952169191,-0.074205067794479,-0.027305811727212914,0.0,True
Myeloid_moDC-CXCL9/10,Myeloid_monocyte,-0.10091491455126678,0.0,-0.10091491455126678,0.04212307995784018,-0.14303799450910695,0.0,True
CD8-Tcell_Gamma-Delta-CD8,Hematopoeitic_stem_cell,0.1006498762474658,0.0,0.1006498762474658,-0.11656598577106923,0.21721586201853504,0.0,True
NK,Neutrophil,0.09964418850856083,0.0,0.09964418850856083,0.23788468056059847,-0.13824049205203764,0.0,True
CD4-Tcell_naive,CD8-Tcell_late-active,0.09920763163071734,0.0,0.09920763163071734,0.37402533357362466,-0.27481770194290733,0.0,True
CD4-Tcell_TH1,Hematopoeitic_stem_cell,0.09912943026339131,0.0,0.09912943026339131,0.09457740554134891,0.0045520247220424,0.0,True
CD4-Tcell_TH17,Mast-Cell,0.09892186899553645,0.0,0.09892186899553645,0.12525373969052261,-0.02633187069498616,0.0,True
CD8-Tcell_effector,Myeloid_pDC,-0.09812117799157963,0.0,-0.09812117799157963,0.12647799792567294,-0.22459917591725256,0.0,True
CD4-Tcell_TH17,Myeloid_pDC,0.09668020746153366,0.0,0.09668020746153366,0.3025102848223456,-0.20583007736081194,0.0,True
CD4-Tcell_cytotoxic,CD8-Tcell_early-active,-0.09658375666670367,0.0,-0.09658375666670367,0.11708063274149834,-0.213664389408202,0.0,True
CD8-Tcell_Gamma-Delta-CD8,Fibroblast_piezo2,0.09658017362455576,0.0,0.09658017362455576,0.03384004133079081,0.06274013229376495,0.0,True
Bcell_early,Myeloid_moDC-CXCL9/10,0.09641556026033041,0.0,0.09641556026033041,0.26236729059811503,-0.16595173033778463,0.0,True
Fibroblast_stromal,Myeloid_pDC,-0.09598716889697224,0.0,-0.09598716889697224,0.06269162378928195,-0.15867879268625418,0.0,True
Bcell_memory,CD8-Tcell_early-active,0.09587765935233361,0.0,0.09587765935233361,0.12331157867316467,-0.027433919320831057,0.0,True
Mast-Cell,Myeloid_moDC,0.09544280019750326,0.0,0.09544280019750326,0.33054504138417706,-0.2351022411866738,0.0,True
Fibroblast_stromal,Thrombocyte,0.09529695966981325,0.0,0.09529695966981325,0.15687930140419792,-0.06158234173438468,0.0,True
Fibroblast_piezo2,Myeloid_migratory,-0.09499785172480958,0.0,-0.09499785172480958,-0.04973343126154781,-0.04526442046326177,0.0,True
Bcell_GC,Myeloid_DC2,-0.09373459331812772,0.0,-0.09373459331812772,0.2602712756819579,-0.3540058690000856,0.0,True
CD4-Tcell_FH,Neutrophil,-0.0935925333095931,0.0,-0.0935925333095931,0.01701232926855549,-0.1106048625781486,0.0,True
Myeloid_monocyte,Myeloid_pDC,-0.09286526028324604,0.0,-0.09286526028324604,-0.01074295514393801,-0.08212230513930803,0.0,True
CD4-Tcell_FH,NK_proliferating,-0.09149078972264477,0.0,-0.09149078972264477,0.11316428211568468,-0.20465507183832943,0.0,True
Fibroblast_mesothelial,Myeloid_cDC1,-0.09135923407744521,0.0,-0.09135923407744521,-0.10281568951868875,0.011456455441243532,0.0,True
Fibroblast_mesothelial,Myeloid_monocyte,-0.09133153821793381,0.0,-0.09133153821793381,-0.045172806068142425,-0.04615873214979139,0.0,True
Fibroblast_mesothelial,Hematopoeitic_stem_cell,-0.09130521640192857,0.0,-0.09130521640192857,-0.06364154698781495,-0.02766366941411362,0.0,True
CD4-Tcell_naive,Myeloid_migratory,0.09109806013015004,0.0,0.09109806013015004,0.41156272726531196,-0.3204646671351619,0.0,True
Bcell_early,Myeloid_pDC,0.09077629084118569,0.0,0.09077629084118569,0.16979363537446648,-0.0790173445332808,0.0,True
CD4-Tcell_naive,CD8-Tcell_proliferating,0.09024097562857336,0.0,0.09024097562857336,0.17591352315149153,-0.08567254752291817,0.0,True
CD8-Tcell_naive,Erythrocyte_precursor,-0.08950729138895264,0.0,-0.08950729138895264,-0.16756511236193594,0.0780578209729833,0.0,True
CD4-Tcell_Treg,Thrombocyte,-0.08859768908710369,0.0,-0.08859768908710369,-0.07354111904062292,-0.015056570046480769,0.0,True
Myeloid_Macrophage-CXCL9/10,Myeloid_pDC,-0.0882542937257962,0.0,-0.0882542937257962,0.22126812977785193,-0.3095224235036481,0.0,True
CD8-Tcell_Gamma-Delta-CD8,Erythrocyte_precursor,0.08807293555250625,0.0,0.08807293555250625,-0.11959460389983867,0.20766753945234492,0.0,True
Bcell_plasma,Erythrocyte,0.08784462863288203,0.0,0.08784462863288203,0.18085425934870042,-0.09300963071581839,0.0,True
Myeloid_moDC,Myeloid_moDC-CXCL9/10,-0.0862018897564873,0.0,-0.0862018897564873,0.09848619274477448,-0.18468808250126179,0.0,True
Endothelial,NK_ILC3,0.08575191325188747,0.0,0.08575191325188747,0.24377993449528712,-0.15802802124339965,0.0,True
CD4-Tcell_Treg,Myeloid_DC2,0.08557098565598313,0.0,0.08557098565598313,0.19802267561496487,-0.11245168995898173,0.0,True
Fibroblast_piezo2,NK_proliferating,0.08468297229968766,0.0,0.08468297229968766,0.26423307099851134,-0.17955009869882368,0.0,True
CD4-Tcell_Treg,NK_ILC3,0.08429559101968057,0.0,0.08429559101968057,0.16312188765367114,-0.07882629663399057,0.0,True
CD4-Tcell_TH1,Erythrocyte_precursor,0.0830984764031023,0.0,0.0830984764031023,0.09871137930076777,-0.015612902897665468,0.0,True
CD4-Tcell_TH1,Myeloid_DC2,0.08219525879935963,0.0,0.08219525879935963,0.20041540515023426,-0.11822014635087463,0.0,True
CD4-Tcell_TH1,NK_ILC3,0.08208395747065472,0.0,0.08208395747065472,0.27870955671994624,-0.19662559924929152,0.0,True
Erythrocyte_precursor,Neutrophil,0.08173700681486333,0.0,0.08173700681486333,0.235293279201654,-0.15355627238679065,0.0,True
Bcell_plasma,CD8-Tcell_Gamma-Delta-CD8,0.08166552590539046,0.0,0.08166552590539046,0.060379104401291336,0.021286421504099123,0.0,True
CD8-Tcell_Gamma-Delta-CD8,Myeloid_DC2,0.08098725992637797,0.0,0.08098725992637797,0.22245937313048575,-0.1414721132041078,0.0,True
Bcell_early,Endothelial,-0.08081645803051452,0.0,-0.08081645803051452,0.054136950138165926,-0.13495340816868046,0.0,True
CD4-Tcell_TH1,CD8-Tcell_terminal,-0.08054629275717014,0.0,-0.08054629275717014,0.3225548125945456,-0.4031011053517157,0.0,True
Myeloid_Macrophage-CXCL9/10,Neutrophil,0.07965987146828157,0.0,0.07965987146828157,0.10827872704330858,-0.02861885557502701,0.0,True
Bcell_early,CD4-Tcell_FH,0.07805770989582966,0.0,0.07805770989582966,0.1908995490715715,-0.11284183917574184,0.0,True
Bcell_memory,CD8-Tcell_Gamma-Delta-active,-0.07764587894648092,0.0,-0.07764587894648092,0.16404886582145123,-0.24169474476793215,0.0,True
Myeloid_moDC,Myeloid_pDC,-0.07718719628783147,0.0,-0.07718719628783147,0.03122592255424033,-0.1084131188420718,0.0,True
CD4-Tcell_TH1,Erythrocyte,0.07705836445433528,0.0,0.07705836445433528,0.11134001292642079,-0.03428164847208551,0.0,True
CD4-Tcell_Treg,Neutrophil,-0.07668604879880153,0.0,-0.07668604879880153,-0.006597623383125788,-0.07008842541567574,0.0,True
CD4-Tcell_TH1,Mast-Cell,0.07655349519541405,0.0,0.07655349519541405,0.2336918837737663,-0.15713838857835224,0.0,True
CD4-Tcell_TH17,CD8-Tcell_early-active,0.07637976940417945,0.0,0.07637976940417945,0.4111674855456181,-0.33478771614143865,0.0,True
Bcell_plasma,CD8-Tcell_Gamma-Delta-active,0.07629975347829218,0.0,0.07629975347829218,0.1659394574544255,-0.08963970397613333,0.0,True
CD4-Tcell_TH1,CD8-Tcell_proliferating,-0.0757923355642337,0.0,-0.0757923355642337,0.2669098255341936,-0.3427021610984273,0.0,True
Bcell_early,CD8-Tcell_late-active,-0.07534848483845538,0.0,-0.07534848483845538,0.21892525607984337,-0.2942737409182987,0.0,True
Bcell_plasma,CD4-Tcell_TH17,0.07481395886328689,0.0,0.07481395886328689,0.08038100124969233,-0.005567042386405444,0.0,True
CD4-Tcell_naive,Myeloid_pDC,0.073660605169999,0.0,0.073660605169999,0.3422021997388151,-0.2685415945688161,0.0,True
Bcell_naive,CD8-Tcell_early-active,0.07189042368709525,0.0,0.07189042368709525,0.17359233576470073,-0.10170191207760548,0.0,True
Bcell_naive,CD4-Tcell_naive,-0.0717317278542814,0.0,-0.0717317278542814,0.16628385261739567,-0.2380155804716771,0.0,True
CD4-Tcell_TH17,Hematopoeitic_stem_cell,0.07162196543581108,0.0,0.07162196543581108,-0.07380276665147874,0.14542473208728982,0.0,True
CD8-Tcell_terminal,Neutrophil,-0.07142277301356245,0.0,-0.07142277301356245,0.031256216727629446,-0.1026789897411919,0.0,True
Myeloid_moDC-CXCL9/10,Thrombocyte,-0.07064291685229136,0.0,-0.07064291685229136,-0.05576962127526304,-0.014873295577028323,0.0,True
Myeloid_marginalzone,NK_ILC3,0.07037850392408089,0.0,0.07037850392408089,0.24889742931873507,-0.1785189253946542,0.0,True
Myeloid_cDC1,Thrombocyte,0.06897685146016248,0.0,0.06897685146016248,0.11198539235578872,-0.04300854089562624,0.0,True
CD4-Tcell_FH,Myeloid_moDC-CXCL9/10,0.0687055381456104,0.0,0.0687055381456104,0.2636802801989401,-0.19497474205332968,0.0,True
CD8-Tcell_effector,CD8-Tcell_naive,-0.06782208433468859,0.0,-0.06782208433468859,0.16207014629171018,-0.22989223062639877,0.0,True
Endothelial,Thrombocyte,0.0677531132340164,0.0,0.0677531132340164,0.16362496294683387,-0.09587184971281748,0.0,True
CD4-Tcell_cytotoxic,CD4-Tcell_naive,0.06770599791495178,0.0,0.06770599791495178,0.12733663259067135,-0.059630634675719565,0.0,True
CD8-Tcell_Gamma-Delta-CD8,Myeloid_pDC,0.06762325060284188,0.0,0.06762325060284188,0.3192592812925571,-0.2516360306897152,0.0,True
Bcell_B1,NK_ILC3,0.06729005932868154,0.0,0.06729005932868154,0.1399505349812008,-0.07266047565251926,0.0,True
Fibroblast_mesothelial,NK_proliferating,-0.06522734787144623,0.0,-0.06522734787144623,-0.10640069345602901,0.041173345584582785,0.0,True
Myeloid_migratory,NK_proliferating,-0.06369885706541288,0.0,-0.06369885706541288,-0.019753101520737018,-0.04394575554467586,0.0,True
Endothelial,Neutrophil,0.0635708698043056,0.0,0.0635708698043056,0.2172083178825249,-0.1536374480782193,0.0,True
CD4-Tcell_naive,Hematopoeitic_stem_cell,0.06355078506554622,0.0,0.06355078506554622,-0.15071973641046124,0.21427052147600745,0.0,True
Bcell_B1,CD8-Tcell_early-active,0.06261469331723946,0.0,0.06261469331723946,0.14695884331538872,-0.08434414999814926,0.0,True
Bcell_B1,CD8-Tcell_naive,-0.0623093229932624,0.0,-0.0623093229932624,0.13237043038106316,-0.19467975337432558,0.0,True
CD8-Tcell_naive,Myeloid_moDC-CXCL9/10,-0.06114253155341974,0.0,-0.06114253155341974,0.23211934554497007,-0.2932618770983898,0.0,True
Fibroblast_mesothelial,Myeloid_Macrophage-CXCL9/10,-0.06018994789967135,0.0,-0.06018994789967135,-0.06664753447146929,0.006457586571797937,0.0,True
Bcell_GC,Fibroblast_mesothelial,0.060158896687450905,0.0,0.060158896687450905,-0.11606420556553929,0.1762231022529902,0.0,True
CD4-Tcell_TH17,Erythrocyte_precursor,0.060075850538678435,0.0,0.060075850538678435,-0.07687359433413422,0.13694944487281266,0.0,True
Myeloid_DC2,NK_ILC3,0.05997645946765051,0.0,0.05997645946765051,0.19735593336221813,-0.13737947389456762,0.0,True
CD4-Tcell_FH,CD8-Tcell_Gamma-Delta-CD8,0.05918162061023485,0.0,0.05918162061023485,0.4734432405937843,-0.41426161998354943,0.0,True
Bcell_B1,CD8-Tcell_Gamma-Delta-active,-0.05896125896017154,0.0,-0.05896125896017154,0.12873500948938776,-0.1876962684495593,0.0,True
Myeloid_Macrophage,Myeloid_moDC-CXCL9/10,-0.05827845885175592,0.0,-0.05827845885175592,0.1546209569954113,-0.21289941584716723,0.0,True
CD4-Tcell_cytotoxic,CD8-Tcell_naive,-0.05746147855485774,0.0,-0.05746147855485774,0.12124738697260234,-0.17870886552746007,0.0,True
Bcell_early,Neutrophil,-0.05645991571031389,0.0,-0.05645991571031389,0.06164060824264701,-0.1181005239529609,0.0,True
CD8-Tcell_Gamma-Delta-active,CD8-Tcell_terminal,-0.056107811150994794,0.0,-0.056107811150994794,0.3044041680415891,-0.3605119791925839,0.0,True
Fibroblast_mesothelial,Thrombocyte,-0.055837447673578705,0.0,-0.055837447673578705,-0.04965785530322556,-0.006179592370353142,0.0,True
CD4-Tcell_TH17,Fibroblast_mesothelial,0.05542050474645596,0.0,0.05542050474645596,-0.04052884503537267,0.09594934978182863,0.0,True
Mast-Cell,Myeloid_moDC-CXCL9/10,0.05497644275434241,0.0,0.05497644275434241,0.09570175460337213,-0.04072531184902972,0.0,True
Bcell_B1,Myeloid_DC2,0.05490741476365929,0.0,0.05490741476365929,0.2608742512286746,-0.2059668364650153,0.0,True
Myeloid_moDC,Neutrophil,0.054781941983442994,0.0,0.054781941983442994,0.2238845914141328,-0.1691026494306898,0.0,True
CD8-Tcell_proliferating,NK_proliferating,0.054604090997191324,0.0,0.054604090997191324,0.32437449078185787,-0.26977039978466655,0.0,True
Myeloid_pDC,Neutrophil,-0.05431309250925853,0.0,-0.05431309250925853,0.009347822355998436,-0.06366091486525696,0.0,True
CD4-Tcell_TH17,CD8-Tcell_terminal,0.05397909675301749,0.0,0.05397909675301749,0.4238785704163179,-0.3698994736633004,0.0,True
CD4-Tcell_TH1,Neutrophil,0.052973820391454235,0.0,0.052973820391454235,0.1531358792387239,-0.10016205884726967,0.0,True
CD4-Tcell_TH17,CD8-Tcell_naive,0.05189284003195066,0.0,0.05189284003195066,0.41288934159938684,-0.3609965015674362,0.0,True
Bcell_early,NK_proliferating,0.05174928125724443,0.0,0.05174928125724443,0.05278311338130318,-0.0010338321240587547,0.0,True
Bcell_GC,Mast-Cell,-0.05046891256323949,0.0,-0.05046891256323949,0.11778397362030238,-0.16825288618354187,0.0,True
Bcell_plasma,Myeloid_DC2,0.0500645036442255,0.0,0.0500645036442255,0.048654988846414254,0.0014095147978112482,0.0,True
CD8-Tcell_proliferating,Mast-Cell,-0.05004804581461941,0.0,-0.05004804581461941,0.2466931918462068,-0.2967412376608262,0.0,True
Bcell_memory,CD8-Tcell_Gamma-Delta-Il4,-0.04991917977277021,0.0,-0.04991917977277021,0.2047898716461655,-0.2547090514189357,0.0,True
Bcell_GC,CD4-Tcell_naive,-0.04931040514255715,0.0,-0.04931040514255715,0.17254172054566932,-0.2218521256882265,0.0,True
CD8-Tcell_early-active,NK_proliferating,-0.04895916216278874,0.0,-0.04895916216278874,0.05030072501471898,-0.09925988717750772,0.0,True
Myeloid_pDC,Thrombocyte,-0.048233033045957954,0.0,-0.048233033045957954,-0.06395005664880751,0.01571702360284956,0.0,True
Myeloid_DC2,Myeloid_migratory,0.04728151527443884,0.0,0.04728151527443884,0.20586039163241454,-0.15857887635797568,0.0,True
CD8-Tcell_Gamma-Delta-Il4,CD8-Tcell_naive,-0.04622077854116572,0.0,-0.04622077854116572,0.41752365853035,-0.46374443707151575,0.0,True
CD4-Tcell_naive,Endothelial,-0.045830781424177784,0.0,-0.045830781424177784,-0.05067704963160859,0.0048462682074308025,0.0,True
CD4-Tcell_TH1,CD8-Tcell_naive,-0.044448821566257235,0.0,-0.044448821566257235,0.27011718842366683,-0.31456600998992407,0.0,True
Mast-Cell,NK_proliferating,0.04400764150383778,0.0,0.04400764150383778,0.3546698998829133,-0.3106622583790755,0.0,True
CD8-Tcell_late-active,Fibroblast_mesothelial,-0.04382212486575591,0.0,-0.04382212486575591,-0.05958538418715716,0.015763259321401255,0.0,True
CD4-Tcell_TH1,CD8-Tcell_early-active,-0.04245477989420337,0.0,-0.04245477989420337,0.272587817544982,-0.3150425974391854,0.0,True
CD8-Tcell_effector,Thrombocyte,0.04188211801372471,0.0,0.04188211801372471,0.12882694500253986,-0.08694482698881514,0.0,True
CD4-Tcell_TH1,Fibroblast_mesothelial,-0.04161903116690093,0.0,-0.04161903116690093,-0.09246744181024737,0.050848410643346435,0.0,True
CD8-Tcell_Gamma-Delta-CD8,Thrombocyte,-0.04148928484686633,0.0,-0.04148928484686633,-0.038280231267583315,-0.003209053579283014,0.0,True
CD8-Tcell_Gamma-Delta-Il4,Fibroblast_mesothelial,-0.04140263488258541,0.0,-0.04140263488258541,-0.0710091114860694,0.029606476603484,0.0,True
CD8-Tcell_Gamma-Delta-Il4,Neutrophil,0.041348197631170855,0.0,0.041348197631170855,0.056015593496583437,-0.014667395865412582,0.0,True
Bcell_plasma,CD8-Tcell_early-active,-0.0398190938066429,0.0,-0.0398190938066429,0.005002114736884699,-0.0448212085435276,0.0,True
Bcell_memory,NK_proliferating,-0.039368631568120455,0.0,-0.039368631568120455,0.026295309025851366,-0.06566394059397182,0.0,True
Hematopoeitic_stem_cell,Thrombocyte,0.03905461051821754,0.0,0.03905461051821754,0.25739293361202925,-0.2183383230938117,0.0,True
CD4-Tcell_naive,Erythrocyte,-0.03849459069093148,0.0,-0.03849459069093148,-0.12700251409980406,0.08850792340887259,0.0,True
CD4-Tcell_naive,CD8-Tcell_Gamma-Delta-Il4,0.037387373622879784,0.0,0.037387373622879784,0.4084646774512807,-0.3710773038284009,0.0,True
Fibroblast_mesothelial,Myeloid_DC2,0.037376057276958426,0.0,0.037376057276958426,-0.06607842432742358,0.103454481604382,0.0,True
Bcell_GC,NK_proliferating,0.03666362490402754,0.0,0.03666362490402754,0.1086580401912557,-0.07199441528722816,0.0,True
CD4-Tcell_FH,Mast-Cell,-0.03641157470615931,0.0,-0.03641157470615931,0.07222003737519855,-0.10863161208135785,0.0,True
Mast-Cell,Neutrophil_Elane,-0.036179965877666295,0.0,-0.036179965877666295,0.3294475317585593,-0.3656274976362256,0.0,True
CD8-Tcell_terminal,NK_proliferating,-0.03609195507354676,0.0,-0.03609195507354676,0.13072924315237458,-0.16682119822592134,0.0,True
Myeloid_cDC1,NK_ILC3,0.03542687642356338,0.0,0.03542687642356338,0.21420591969031516,-0.17877904326675179,0.0,True
Fibroblast_stromal,Neutrophil_Elane,0.03472673252425154,0.0,0.03472673252425154,0.3263714179995856,-0.29164468547533406,0.0,True
Mast-Cell,Myeloid_pDC,0.034086925823203655,0.0,0.034086925823203655,0.03936870739574896,-0.005281781572545302,0.0,True
Bcell_early,Fibroblast_mesothelial,0.03393278951136203,0.0,0.03393278951136203,-0.12958324824854356,0.16351603775990559,0.0,True
CD8-Tcell_proliferating,NK_ILC3,-0.03360929935826415,0.0,-0.03360929935826415,0.2495586833524885,-0.2831679827107526,0.0,True
Myeloid_pDC,NK_ILC3,0.03355708899411254,0.0,0.03355708899411254,0.14083884720259546,-0.10728175820848292,0.0,True
CD4-Tcell_TH1,CD4-Tcell_naive,0.03269224936008953,0.0,0.03269224936008953,0.26987529699036716,-0.23718304763027764,0.0,True
CD4-Tcell_naive,Myeloid_cDC1,-0.031321562287214916,0.0,-0.031321562287214916,0.023559558580607282,-0.054881120867822195,0.0,True
CD4-Tcell_naive,CD8-Tcell_Gamma-Delta-active,0.031001682103411844,0.0,0.031001682103411844,0.22725299355747067,-0.19625131145405883,0.0,True
Myeloid_Macrophage-CXCL9/10,NK_ILC3,0.03095965961633242,0.0,0.03095965961633242,0.2508472357731442,-0.2198875761568118,0.0,True
Fibroblast_piezo2,Myeloid_moDC-CXCL9/10,0.030773421314559384,0.0,0.030773421314559384,0.025239478725180325,0.0055339425893790595,0.0,True
CD8-Tcell_late-active,Thrombocyte,0.03073166711125193,0.0,0.03073166711125193,0.00981955528724001,0.02091211182401192,0.0,True
CD4-Tcell_TH1,Myeloid_moDC-CXCL9/10,0.03012228163836245,0.0,0.03012228163836245,0.2131812123687879,-0.18305893073042545,0.0,True
Bcell_plasma,Fibroblast_mesothelial,-0.029292031937249642,0.0,-0.029292031937249642,-0.033645309923703286,0.004353277986453644,0.0,True
CD4-Tcell_cytotoxic,Thrombocyte,0.028852630616666382,0.0,0.028852630616666382,0.16703928605773363,-0.13818665544106726,0.0,True
CD8-Tcell_proliferating,Myeloid_DC2,0.02854221286824246,0.0,0.02854221286824246,0.1291459151338919,-0.10060370226564944,0.0,True
Bcell_B1,Neutrophil_Elane,-0.028534377127293176,0.0,-0.028534377127293176,-0.07096337324388755,0.04242899611659437,0.0,True
Bcell_plasma,NK_proliferating,0.026976420149924782,0.0,0.026976420149924782,0.21294495507756322,-0.18596853492763843,0.0,True
Bcell_naive,Myeloid_DC2,0.026093302495189024,0.0,0.026093302495189024,0.2926653159207211,-0.26657201342553205,0.0,True
CD8-Tcell_Gamma-Delta-active,Thrombocyte,0.02507729773309183,0.0,0.02507729773309183,0.09426544905731218,-0.06918815132422035,0.0,True
Mast-Cell,Myeloid_migratory,0.02371463221261944,0.0,0.02371463221261944,-0.026861363841258208,0.05057599605387765,0.0,True
Myeloid_Macrophage,Neutrophil_Elane,-0.023537473826021862,0.0,-0.023537473826021862,0.2723741045212505,-0.29591157834727233,0.0,True
Bcell_memory,Myeloid_DC2,0.023178309050519437,0.0,0.023178309050519437,0.2569221112329686,-0.23374380218244917,0.0,True
CD8-Tcell_naive,Myeloid_DC2,-0.022518526297080177,0.0,-0.022518526297080177,0.15349049865628117,-0.17600902495336135,0.0,True
Hematopoeitic_stem_cell,Neutrophil_Elane,-0.02234803020803076,0.0,-0.02234803020803076,0.4226817826369748,-0.4450298128450056,0.0,True
Bcell_early,Neutrophil_Elane,0.021991207699918858,0.0,0.021991207699918858,0.027625422245408544,-0.005634214545489687,0.0,True
CD8-Tcell_Gamma-Delta-CD8,Myeloid_migratory,-0.0217827889072936,0.0,-0.0217827889072936,0.37606487672974465,-0.3978476656370382,0.0,True
Bcell_memory,CD4-Tcell_TH17,-0.021647525341070194,0.0,-0.021647525341070194,0.1953884476527506,-0.2170359729938208,0.0,True
Fibroblast_mesothelial,Neutrophil_Elane,0.021351941111174007,0.0,0.021351941111174007,-0.090891891360288,0.112243832471462,0.0,True
Fibroblast_piezo2,Neutrophil,0.02125064900478289,0.0,0.02125064900478289,0.1588376774068228,-0.13758702840203993,0.0,True
Bcell_memory,Neutrophil_Elane,-0.019586269706492198,0.0,-0.019586269706492198,0.0035690647327827688,-0.023155334439274967,0.0,True
Myeloid_migratory,NK_ILC3,0.017911328847230866,0.0,0.017911328847230866,0.10030159016816712,-0.08239026132093624,0.0,True
Erythrocyte_precursor,NK_ILC3,0.017278495501676448,0.0,0.017278495501676448,0.1777822010767991,-0.16050370557512264,0.0,True
Bcell_GC,Neutrophil_Elane,-0.01694364540158709,0.0,-0.01694364540158709,0.07201918933847523,-0.08896283474006232,0.0,True
Erythrocyte_precursor,Thrombocyte,0.01619124695215426,0.0,0.01619124695215426,0.24265602445418538,-0.22646477750203112,0.0,True
CD8-Tcell_Gamma-Delta-CD8,CD8-Tcell_proliferating,-0.015947977364147728,0.0,-0.015947977364147728,0.23036935864600144,-0.24631733601014916,0.0,True
CD4-Tcell_TH17,Neutrophil,0.01564996428836777,0.0,0.01564996428836777,0.060410666346987975,-0.044760702058620205,0.0,True
Erythrocyte_precursor,Mast-Cell,0.01259843653264087,0.0,0.01259843653264087,0.33171835256080173,-0.31911991602816087,0.0,True
Bcell_B1,CD4-Tcell_TH17,-0.01033319205443223,0.0,-0.01033319205443223,0.19008979450918184,-0.20042298656361407,0.0,True
CD8-Tcell_proliferating,Neutrophil_Elane,0.009693927496740265,0.0,0.009693927496740265,0.2798158384757862,-0.270121910979046,0.0,True
Neutrophil_Elane,Thrombocyte,-0.008061010355352246,0.0,-0.008061010355352246,0.18387317797789804,-0.1919341883332503,0.0,True
CD4-Tcell_TH17,CD8-Tcell_proliferating,0.007864102237760911,0.0,0.007864102237760911,0.2268579410970072,-0.21899383885924628,0.0,True
